02 - Federal Entitlement,Fed/State & Fed only,,,,,,,,,,,,,
Indeterminate/Unknown - relate to enrolments for which the information is inconclusive,,,,,,,,,,,,,,
,,,,,,,,,,,,,,
"Elector Count by Division, Age Groups and Gender for all States/Territories",,,,,,,,,,,,,,
,,,,,,,,,,,,,,
As at 30 September 2019,,,,,,,,,,,,,,
,,,,,,,,,,,,,,
,16-17,18-19,20-24,25-29,30-34,35-39,40-44,45-49,50-54,55-59,60-64,65-69,70+,TOTAL
NSW,"2,215","119,709","411,536","417,742","432,132","454,356","436,576","471,356","432,706","455,191","418,502","374,373","879,801","5,306,195"
Banks,51,"2,502","8,607","8,192","8,416","8,840","8,752","9,385","9,125","9,768","8,445","6,989","18,110","107,182"
Female,27,"1,250","4,238","3,993","4,163","4,461","4,483","4,870","4,758","4,950","4,298","3,606","10,141","55,238"
Male,24,"1,249","4,364","4,194","4,250","4,379","4,269","4,515","4,367","4,818","4,147","3,383","7,969","51,928"
Indeterminate/Unknown, - ,3,5,5,3, - , - , - , - , - , - , - , - ,16
Barton,32,"2,155","8,114","8,891","9,941","10,646","9,587","9,907","9,032","8,937","7,691","6,660","17,656","109,249"
Female,18,"1,073","4,047","4,297","4,852","5,237","4,752","5,059","4,643","4,512","3,959","3,444","9,461","55,354"
Male,14,"1,079","4,062","4,589","5,084","5,406","4,833","4,847","4,387","4,425","3,730","3,216","8,195","53,867"
Indeterminate/Unknown, - ,3,5,5,5,3,2,1,2, - ,2, - , - ,28
Bennelong,81,"2,600","8,963","8,781","9,165","10,207","9,479","9,829","9,067","9,518","8,364","6,942","16,665","109,661"
Female,43,"1,288","4,261","4,165","4,402","5,060","4,716","5,110","4,719","4,817","4,327","3,603","9,249","55,760"
Male,38,"1,310","4,700","4,612","4,759","5,145","4,762","4,717","4,345","4,700","4,037","3,338","7,416","53,879"
Indeterminate/Unknown, - ,2,2,4,4,2,1,2,3,1, - ,1, - ,22
Berowra,74,"3,157","9,408","6,878","5,913","7,402","9,011","10,458","9,685","10,229","8,900","7,414","17,840","106,369"
Female,46,"1,564","4,502","3,215","2,943","3,852","4,692","5,432","5,071","5,188","4,522","3,773","9,582","54,382"
Male,27,"1,589","4,905","3,661","2,969","3,548","4,319","5,025","4,614","5,041","4,377","3,641","8,258","51,974"
Indeterminate/Unknown,1,4,1,2,1,2, - ,1, - , - ,1, - , - ,13
Blaxland,42,"2,592","9,769","9,508","9,636","9,643","8,846","8,899","8,558","8,804","8,093","6,506","14,900","105,796"
Female,22,"1,315","4,791","4,829","4,937","4,763","4,378","4,495","4,230","4,344","4,003","3,280","7,849","53,236"
Male,20,"1,275","4,977","4,677","4,699","4,880","4,468","4,404","4,327","4,460","4,090","3,226","7,051","52,554"
Indeterminate/Unknown, - ,2,1,2, - , - , - , - ,1, - , - , - , - ,6
Bradfield,107,"3,162","9,008","6,515","6,045","8,144","9,468","10,625","10,107","9,788","7,748","6,771","19,883","107,371"
Female,65,"1,529","4,393","3,148","3,028","4,226","4,887","5,640","5,282","4,998","3,955","3,617","11,005","55,773"
Male,42,"1,630","4,611","3,366","3,015","3,917","4,581","4,984","4,823","4,789","3,792","3,154","8,878","51,582"
Indeterminate/Unknown, - ,3,4,1,2,1, - ,1,2,1,1, - , - ,16
Calare,40,"2,712","8,784","8,980","9,258","8,854","8,594","10,072","9,683","10,548","9,849","9,174","21,503","118,051"
Female,26,"1,367","4,287","4,565","4,617","4,483","4,348","5,163","4,874","5,322","4,944","4,610","11,547","60,153"
Male,14,"1,344","4,493","4,414","4,641","4,371","4,245","4,909","4,808","5,226","4,904","4,563","9,955","57,887"
Indeterminate/Unknown, - ,1,4,1, - , - ,1, - ,1, - ,1,1,1,11
Chifley,52,"2,993","11,068","10,685","11,309","12,022","10,231","9,885","9,105","8,802","7,873","6,507","12,541","113,073"
Female,28,"1,482","5,475","5,377","5,749","5,902","5,020","4,983","4,623","4,396","4,096","3,370","6,882","57,383"
Male,24,"1,509","5,589","5,305","5,558","6,120","5,211","4,901","4,482","4,405","3,776","3,135","5,659","55,674"
Indeterminate/Unknown, - ,2,4,3,2, - , - ,1, - ,1,1,2, - ,16
Cook,33,"2,332","7,977","7,896","7,869","8,244","8,457","9,951","9,092","9,109","8,312","7,331","20,339","106,942"
Female,18,"1,168","3,947","4,004","4,029","4,197","4,337","5,070","4,662","4,594","4,305","3,914","11,279","55,524"
Male,15,"1,162","4,028","3,891","3,837","4,046","4,119","4,881","4,429","4,515","4,007","3,417","9,060","51,407"
Indeterminate/Unknown, - ,2,2,1,3,1,1, - ,1, - , - , - , - ,11
Cowper,29,"2,475","7,640","7,383","7,579","7,874","7,971","9,724","9,509","11,317","11,967","11,633","29,110","124,211"
Female,14,"1,228","3,744","3,633","3,921","4,053","4,149","5,093","5,029","5,971","6,154","5,938","15,709","64,636"
Male,15,"1,246","3,893","3,749","3,658","3,819","3,821","4,631","4,479","5,345","5,810","5,695","13,398","59,559"
Indeterminate/Unknown, - ,1,3,1, - ,2,1, - ,1,1,3, - ,3,16
Cunningham,43,"2,793","10,914","9,776","8,964","9,005","9,099","10,047","9,031","9,903","8,853","7,586","19,557","115,571"
Female,25,"1,478","5,411","4,750","4,457","4,560","4,511","5,053","4,586","4,988","4,553","3,922","10,787","59,081"
Male,18,"1,314","5,497","5,023","4,503","4,444","4,588","4,993","4,443","4,915","4,300","3,664","8,770","56,472"
Indeterminate/Unknown, - ,1,6,3,4,1, - ,1,2, - , - , - , - ,18
Dobell,45,"2,749","9,642","9,293","8,968","9,199","8,969","10,079","9,128","9,715","9,086","8,440","21,874","117,187"
Female,23,"1,430","4,736","4,712","4,522","4,637","4,633","5,163","4,575","5,051","4,845","4,490","12,259","61,076"
Male,22,"1,317","4,904","4,580","4,446","4,561","4,336","4,916","4,553","4,664","4,241","3,950","9,615","56,105"
Indeterminate/Unknown, - ,2,2,1, - ,1, - , - , - , - , - , - , - ,6
Eden-Monaro,44,"2,184","7,233","7,424","8,076","8,338","8,579","10,378","10,316","11,230","10,812","9,680","19,709","114,003"
Female,29,"1,104","3,577","3,718","4,092","4,314","4,364","5,249","5,258","5,554","5,345","4,795","10,123","57,522"
Male,15,"1,077","3,649","3,700","3,981","4,021","4,215","5,127","5,057","5,675","5,466","4,883","9,585","56,451"
Indeterminate/Unknown, - ,3,7,6,3,3, - ,2,1,1,1,2,1,30
Farrer,68,"2,541","8,418","8,044","7,708","7,816","8,105","9,352","9,191","10,555","10,540","9,658","23,640","115,636"
Female,44,"1,337","4,143","3,921","3,907","3,935","4,175","4,789","4,767","5,323","5,298","4,845","12,518","59,002"
Male,24,"1,203","4,274","4,123","3,801","3,881","3,930","4,560","4,424","5,231","5,242","4,813","11,122","56,628"
Indeterminate/Unknown, - ,1,1, - , - , - , - ,3, - ,1, - , - , - ,6
Fowler,46,"2,635","9,406","9,183","8,340","8,573","8,257","9,323","9,195","9,942","9,334","7,741","15,207","107,182"
Female,31,"1,374","4,548","4,463","4,114","4,372","4,355","4,802","4,593","4,880","4,717","4,074","7,980","54,303"
Male,15,"1,259","4,856","4,716","4,225","4,200","3,900","4,519","4,601","5,062","4,617","3,667","7,227","52,864"
Indeterminate/Unknown, - ,2,2,4,1,1,2,2,1, - , - , - , - ,15
Gilmore,37,"2,161","7,453","7,257","7,184","7,387","7,361","8,905","8,858","11,272","12,386","12,635","30,040","122,936"
Female,22,"1,113","3,632","3,558","3,630","3,673","3,699","4,492","4,530","5,876","6,464","6,462","15,682","62,833"
Male,15,"1,048","3,815","3,694","3,553","3,714","3,660","4,412","4,327","5,394","5,922","6,172","14,355","60,081"
Indeterminate/Unknown, - , - ,6,5,1, - ,2,1,1,2, - ,1,3,22
Grayndler,33,"1,674","7,163","11,711","12,446","12,148","10,873","11,196","9,039","8,315","6,629","5,902","12,361","109,490"
Female,19,838,"3,734","6,015","6,393","6,230","5,564","5,773","4,563","4,217","3,482","3,150","6,766","56,744"
Male,14,831,"3,407","5,670","6,042","5,907","5,307","5,422","4,474","4,096","3,146","2,751","5,593","52,660"
Indeterminate/Unknown, - ,5,22,26,11,11,2,1,2,2,1,1,2,86
Greenway,63,"2,998","9,357","8,725","10,774","14,025","12,738","11,184","9,018","8,403","7,162","5,939","11,447","111,833"
Female,37,"1,488","4,581","4,346","5,434","7,064","6,192","5,537","4,456","4,204","3,595","3,082","6,184","56,200"
Male,26,"1,507","4,773","4,374","5,339","6,959","6,544","5,647","4,562","4,199","3,567","2,857","5,263","55,617"
Indeterminate/Unknown, - ,3,3,5,1,2,2, - , - , - , - , - , - ,16
Hughes,33,"2,760","8,788","8,181","8,276","9,442","9,580","10,583","8,986","9,198","8,169","6,962","15,138","106,096"
Female,14,"1,364","4,263","3,963","4,210","4,883","4,889","5,401","4,594","4,761","4,184","3,539","8,152","54,217"
Male,19,"1,392","4,522","4,216","4,064","4,559","4,691","5,182","4,391","4,436","3,985","3,422","6,986","51,865"
Indeterminate/Unknown, - ,4,3,2,2, - , - , - ,1,1, - ,1, - ,14
Hume,42,"3,018","9,484","9,701","10,048","9,947","9,671","10,933","9,651","10,141","8,934","8,252","17,142","116,964"
Female,22,"1,511","4,661","4,861","5,129","5,052","4,934","5,563","4,838","5,173","4,531","4,264","9,041","59,580"
Male,20,"1,507","4,822","4,839","4,918","4,894","4,736","5,370","4,813","4,967","4,403","3,987","8,100","57,376"
Indeterminate/Unknown, - , - ,1,1,1,1,1, - , - ,1, - ,1,1,8
Hunter,34,"2,852","9,500","10,118","10,127","9,711","9,196","10,318","9,539","10,316","9,935","9,122","21,032","121,800"
Female,20,"1,441","4,696","5,031","5,063","4,881","4,640","5,119","4,837","5,184","5,055","4,695","11,304","61,966"
Male,14,"1,410","4,800","5,084","5,064","4,828","4,555","5,199","4,702","5,130","4,880","4,426","9,728","59,820"
Indeterminate/Unknown, - ,1,4,3, - ,2,1, - , - ,2, - ,1, - ,14
Kingsford Smith,38,"2,300","8,441","9,221","10,216","11,136","10,234","10,598","9,181","8,742","7,353","6,477","17,299","111,236"
Female,20,"1,127","4,190","4,616","5,143","5,691","5,279","5,401","4,756","4,405","3,868","3,437","9,662","57,595"
Male,18,"1,173","4,248","4,602","5,068","5,441","4,950","5,193","4,420","4,336","3,482","3,038","7,636","53,605"
Indeterminate/Unknown, - , - ,3,3,5,4,5,4,5,1,3,2,1,36
Lindsay,44,"3,075","11,243","12,151","12,282","12,127","10,685","10,635","9,019","8,953","8,185","7,091","13,838","119,328"
Female,27,"1,529","5,599","6,202","6,262","6,073","5,320","5,325","4,601","4,533","4,315","3,646","7,525","60,957"
Male,17,"1,545","5,641","5,946","6,016","6,053","5,365","5,310","4,417","4,419","3,869","3,445","6,313","58,356"
Indeterminate/Unknown, - ,1,3,3,4,1, - , - ,1,1,1, - , - ,15
Lyne,35,"2,254","6,483","6,060","6,141","6,660","7,034","8,949","8,986","11,134","12,053","12,564","30,844","119,197"
Female,20,"1,151","3,153","3,024","3,181","3,376","3,587","4,640","4,596","5,765","6,257","6,307","15,966","61,023"
Male,15,"1,099","3,324","3,031","2,959","3,282","3,446","4,307","4,390","5,368","5,793","6,256","14,877","58,147"
Indeterminate/Unknown, - ,4,6,5,1,2,1,2, - ,1,3,1,1,27
Macarthur,51,"3,049","11,302","12,167","13,002","12,714","10,870","10,244","8,909","9,501","8,653","7,447","12,762","120,671"
Female,24,"1,538","5,625","6,239","6,721","6,331","5,356","5,147","4,582","4,921","4,539","3,861","6,791","61,675"
Male,27,"1,510","5,677","5,927","6,280","6,383","5,514","5,096","4,327","4,580","4,114","3,586","5,970","58,991"
Indeterminate/Unknown, - ,1, - ,1,1, - , - ,1, - , - , - , - ,1,5
Mackellar,51,"2,654","8,218","6,886","6,621","8,084","9,584","11,153","10,078","9,916","8,549","7,714","21,323","110,831"
Female,25,"1,299","3,958","3,270","3,321","4,223","4,919","5,712","5,229","5,013","4,418","4,045","11,711","57,143"
Male,26,"1,352","4,257","3,614","3,300","3,861","4,664","5,441","4,848","4,903","4,131","3,669","9,611","53,677"
Indeterminate/Unknown, - ,3,3,2, - , - ,1, - ,1, - , - , - ,1,11
Macquarie,46,"2,699","8,315","7,794","7,899","8,047","8,540","10,147","9,220","9,872","9,131","8,554","17,361","107,625"
Female,26,"1,366","3,988","3,799","3,965","4,102","4,401","5,216","4,731","5,132","4,732","4,435","9,481","55,374"
Male,20,"1,331","4,321","3,994","3,932","3,942","4,137","4,930","4,489","4,739","4,398","4,117","7,880","52,230"
Indeterminate/Unknown, - ,2,6,1,2,3,2,1, - ,1,1,2, - ,21
McMahon,58,"2,476","9,679","9,516","9,378","9,559","8,880","9,128","8,880","9,091","8,243","7,108","14,973","106,969"
Female,36,"1,214","4,828","4,692","4,795","4,910","4,438","4,637","4,526","4,656","4,141","3,621","8,012","54,506"
Male,22,"1,260","4,851","4,822","4,582","4,646","4,440","4,490","4,354","4,435","4,102","3,487","6,961","52,452"
Indeterminate/Unknown, - ,2, - ,2,1,3,2,1, - , - , - , - , - ,11
Mitchell,73,"3,194","9,641","7,442","7,777","10,668","11,581","12,054","10,016","9,161","7,704","6,925","15,286","111,522"
Female,34,"1,588","4,705","3,560","4,008","5,527","5,968","6,185","5,147","4,603","3,953","3,620","8,208","57,106"
Male,39,"1,605","4,932","3,882","3,769","5,139","5,611","5,869","4,868","4,558","3,751","3,304","7,078","54,405"
Indeterminate/Unknown, - ,1,4, - , - ,2,2, - ,1, - , - ,1, - ,11
New England,44,"2,490","8,275","8,073","7,892","7,801","7,755","9,106","8,851","10,149","9,943","9,192","22,270","111,841"
Female,27,"1,245","4,055","4,096","3,986","4,027","3,952","4,703","4,507","5,203","5,054","4,588","11,957","57,400"
Male,17,"1,243","4,217","3,975","3,906","3,773","3,803","4,401","4,344","4,946","4,887","4,604","10,313","54,429"
Indeterminate/Unknown, - ,2,3,2, - ,1, - ,2, - , - ,2, - , - ,12
Newcastle,53,"2,709","11,390","11,766","10,737","10,092","9,137","10,185","8,871","9,556","8,717","7,443","17,055","117,711"
Female,26,"1,373","5,637","5,721","5,252","4,979","4,588","5,179","4,504","4,893","4,442","3,804","9,566","59,964"
Male,27,"1,333","5,744","6,041","5,481","5,113","4,549","5,004","4,366","4,663","4,275","3,639","7,489","57,724"
Indeterminate/Unknown, - ,3,9,4,4, - , - ,2,1, - , - , - , - ,23
North Sydney,65,"2,037","6,992","8,718","10,214","11,350","10,640","10,484","8,882","8,606","7,671","6,936","17,055","109,650"
Female,37,960,"3,445","4,327","5,108","5,813","5,371","5,445","4,607","4,403","4,077","3,780","9,538","56,911"
Male,28,"1,073","3,544","4,388","5,104","5,536","5,266","5,039","4,275","4,203","3,594","3,156","7,514","52,720"
Indeterminate/Unknown, - ,4,3,3,2,1,3, - , - , - , - , - ,3,19
Page,36,"2,453","7,791","7,337","7,504","8,085","8,541","10,090","10,050","11,871","12,404","11,698","24,979","122,839"
Female,17,"1,207","3,830","3,657","3,792","4,143","4,369","5,197","5,159","6,053","6,310","5,815","13,158","62,707"
Male,18,"1,245","3,956","3,677","3,710","3,941","4,172","4,890","4,890","5,818","6,093","5,883","11,821","60,114"
Indeterminate/Unknown,1,1,5,3,2,1, - ,3,1, - ,1, - , - ,18
Parkes,33,"2,222","8,449","9,367","8,860","8,006","7,651","8,697","8,811","10,062","9,417","8,103","19,434","109,112"
Female,16,"1,128","4,190","4,712","4,495","4,045","3,919","4,339","4,416","4,935","4,624","3,858","10,293","54,970"
Male,17,"1,093","4,257","4,655","4,364","3,961","3,732","4,358","4,395","5,127","4,793","4,245","9,141","54,138"
Indeterminate/Unknown, - ,1,2, - ,1, - , - , - , - , - , - , - , - ,4
Parramatta,60,"2,185","8,014","8,654","10,484","12,114","9,918","9,075","8,223","8,397","7,137","5,814","13,077","103,152"
Female,25,"1,073","3,972","4,237","5,079","5,704","4,598","4,563","4,152","4,163","3,582","2,945","7,061","51,154"
Male,35,"1,109","4,038","4,411","5,402","6,410","5,318","4,511","4,070","4,234","3,552","2,869","6,016","51,975"
Indeterminate/Unknown, - ,3,4,6,3, - ,2,1,1, - ,3, - , - ,23
Paterson,40,"2,845","9,421","10,361","10,037","9,751","9,406","10,255","9,427","10,298","9,885","9,460","21,854","123,040"
Female,20,"1,450","4,708","5,178","5,023","4,925","4,608","5,160","4,759","5,322","5,136","4,917","11,734","62,940"
Male,20,"1,392","4,709","5,181","5,013","4,824","4,797","5,095","4,667","4,975","4,749","4,543","10,120","60,085"
Indeterminate/Unknown, - ,3,4,2,1,2,1, - ,1,1, - , - , - ,15
Reid,54,"2,181","8,099","9,435","10,764","10,957","9,638","9,645","9,039","9,276","7,813","6,655","15,944","109,500"
Female,29,"1,112","4,142","4,554","5,243","5,348","4,853","5,084","4,724","4,820","4,102","3,505","8,688","56,204"
Male,25,"1,067","3,954","4,880","5,519","5,606","4,784","4,560","4,315","4,456","3,711","3,148","7,255","53,280"
Indeterminate/Unknown, - ,2,3,1,2,3,1,1, - , - , - ,2,1,16
Richmond,31,"2,174","6,741","6,486","7,218","8,339","8,863","10,215","9,562","11,027","11,576","11,140","25,957","119,329"
Female,20,"1,155","3,304","3,300","3,778","4,368","4,695","5,373","5,004","5,845","6,096","5,723","14,063","62,724"
Male,11,"1,015","3,437","3,184","3,438","3,969","4,167","4,842","4,558","5,181","5,479","5,416","11,893","56,590"
Indeterminate/Unknown, - ,4, - ,2,2,2,1, - , - ,1,1,1,1,15
Riverina,41,"2,748","8,900","8,992","8,247","8,155","7,970","9,094","8,810","10,002","9,565","9,035","22,032","113,591"
Female,23,"1,409","4,438","4,569","4,163","4,161","4,044","4,576","4,489","5,028","4,823","4,464","11,821","58,008"
Male,18,"1,337","4,459","4,422","4,084","3,993","3,926","4,518","4,318","4,974","4,741","4,571","10,210","55,571"
Indeterminate/Unknown, - ,2,3,1, - ,1, - , - ,3, - ,1, - ,1,12
Robertson,35,"2,387","8,057","7,482","7,481","7,986","8,125","9,352","8,824","9,787","9,346","8,806","23,309","110,977"
Female,23,"1,216","3,962","3,598","3,764","4,044","4,192","4,778","4,571","5,135","4,932","4,684","13,015","57,914"
Male,12,"1,168","4,090","3,883","3,716","3,942","3,932","4,574","4,251","4,651","4,413","4,122","10,293","53,047"
Indeterminate/Unknown, - ,3,5,1,1, - ,1, - ,2,1,1, - ,1,16
Shortland,41,"2,694","8,563","7,996","8,163","8,486","8,252","9,450","9,130","9,704","9,417","8,814","22,929","113,639"
Female,21,"1,327","4,102","3,977","4,123","4,272","4,151","4,775","4,651","4,997","4,928","4,666","12,608","58,598"
Male,20,"1,367","4,458","4,015","4,040","4,214","4,100","4,675","4,478","4,707","4,489","4,147","10,320","55,030"
Indeterminate/Unknown, - , - ,3,4, - , - ,1, - ,1, - , - ,1,1,11
Sydney,16,"1,148","6,918","14,044","17,225","15,347","11,169","9,923","8,277","7,891","6,484","5,332","10,519","114,293"
Female,11,643,"3,664","6,788","8,004","6,804","4,734","4,200","3,428","3,521","3,021","2,605","5,305","52,728"
Male,5,501,"3,242","7,248","9,210","8,537","6,429","5,718","4,845","4,362","3,458","2,724","5,214","61,493"
Indeterminate/Unknown, - ,4,12,8,11,6,6,5,4,8,5,3, - ,72
Warringah,55,"2,301","7,195","7,207","7,967","9,537","10,084","11,100","9,575","9,102","7,438","6,440","16,734","104,735"
Female,33,"1,154","3,587","3,638","4,169","4,939","5,252","5,693","4,932","4,669","3,841","3,399","9,359","54,665"
Male,21,"1,143","3,600","3,567","3,798","4,598","4,832","5,407","4,640","4,433","3,597","3,041","7,375","50,052"
Indeterminate/Unknown,1,4,8,2, - , - , - , - ,3, - , - , - , - ,18
Watson,53,"2,544","9,334","8,981","9,555","10,049","9,387","9,361","9,259","9,095","7,967","6,470","16,172","108,227"
Female,25,"1,269","4,537","4,506","4,767","4,916","4,663","4,765","4,640","4,561","4,015","3,369","8,602","54,635"
Male,28,"1,275","4,793","4,471","4,786","5,131","4,723","4,596","4,619","4,533","3,951","3,100","7,570","53,576"
Indeterminate/Unknown, - , - ,4,4,2,2,1, - , - ,1,1,1, - ,16
Wentworth,34,"1,661","6,066","8,972","10,880","11,267","10,055","9,990","8,205","7,685","6,670","5,932","16,079","103,496"
Female,17,861,"3,182","4,763","5,705","5,724","5,025","5,078","4,053","3,924","3,426","3,094","8,961","53,813"
Male,17,800,"2,881","4,205","5,166","5,538","5,025","4,909","4,148","3,761","3,241","2,836","7,115","49,642"
Indeterminate/Unknown, - , - ,3,4,9,5,5,3,4, - ,3,2,3,41
Werriwa,53,"3,374","11,931","10,717","10,627","11,683","10,875","11,154","10,471","10,254","8,539","6,512","12,113","118,303"
Female,26,"1,679","5,886","5,393","5,641","5,985","5,647","5,778","5,292","5,128","4,307","3,276","6,379","60,417"
Male,27,"1,693","6,043","5,323","4,986","5,696","5,228","5,376","5,179","5,126","4,232","3,236","5,733","57,878"
Indeterminate/Unknown, - ,2,2,1, - ,2, - , - , - , - , - , - ,1,8
Whitlam,46,"2,810","9,382","8,795","8,919","8,889","8,878","10,239","9,235","10,249","9,560","8,867","22,909","118,778"
Female,28,"1,385","4,685","4,305","4,546","4,498","4,543","5,195","4,708","5,318","5,007","4,750","12,469","61,437"
Male,18,"1,422","4,692","4,485","4,373","4,391","4,335","5,044","4,527","4,930","4,553","4,117","10,439","57,326"
Indeterminate/Unknown, - ,3,5,5, - , - , - , - , - ,1, - , - ,1,15
VIC,"10,176","95,070","324,867","350,236","365,977","373,363","350,124","375,184","349,973","348,792","320,190","285,254","666,915","4,216,121"
Aston,274,"2,763","9,579","9,241","8,840","8,974","8,826","9,823","9,543","9,927","8,905","7,727","16,685","111,107"
Female,136,"1,416","4,645","4,519","4,347","4,497","4,452","5,085","5,006","5,151","4,622","4,009","9,163","57,048"
Male,138,"1,346","4,928","4,717","4,490","4,476","4,373","4,736","4,537","4,775","4,282","3,718","7,522","54,038"
Indeterminate/Unknown, - ,1,6,5,3,1,1,2, - ,1,1, - , - ,21
Ballarat,256,"2,628","9,096","9,353","9,134","8,992","9,145","9,986","9,449","9,988","9,428","8,934","19,529","115,918"
Female,146,"1,394","4,597","4,610","4,630","4,659","4,674","5,241","4,923","5,172","4,959","4,748","10,743","60,496"
Male,110,"1,228","4,492","4,736","4,501","4,332","4,471","4,745","4,525","4,814","4,468","4,185","8,785","55,392"
Indeterminate/Unknown, - ,6,7,7,3,1, - , - ,1,2,1,1,1,30
Bendigo,277,"2,579","8,387","8,686","8,306","8,445","8,616","9,521","9,069","9,954","9,585","9,453","20,649","113,527"
Female,160,"1,286","4,184","4,400","4,229","4,484","4,451","4,938","4,718","5,241","4,965","4,923","11,053","59,032"
Male,117,"1,287","4,201","4,283","4,077","3,957","4,161","4,581","4,349","4,712","4,620","4,528","9,596","54,469"
Indeterminate/Unknown, - ,6,2,3, - ,4,4,2,2,1, - ,2, - ,26
Bruce,269,"2,420","8,696","9,234","9,394","9,734","8,466","8,964","8,951","9,375","9,226","7,941","17,251","109,921"
Female,160,"1,213","4,211","4,383","4,508","4,649","4,114","4,431","4,465","4,730","4,636","4,093","9,192","54,785"
Male,109,"1,207","4,482","4,849","4,884","5,083","4,352","4,533","4,486","4,644","4,590","3,848","8,059","55,126"
Indeterminate/Unknown, - , - ,3,2,2,2, - , - , - ,1, - , - , - ,10
Calwell,323,"2,806","10,023","10,507","11,789","11,736","9,883","9,684","9,647","8,781","7,011","5,644","11,456","109,290"
Female,165,"1,498","5,037","5,301","5,913","5,853","4,786","4,994","4,871","4,339","3,498","2,934","6,025","55,214"
Male,158,"1,306","4,982","5,205","5,874","5,883","5,096","4,690","4,776","4,442","3,513","2,710","5,431","54,066"
Indeterminate/Unknown, - ,2,4,1,2, - ,1, - , - , - , - , - , - ,10
Casey,242,"2,822","8,986","9,165","9,500","9,251","9,098","10,538","9,700","10,123","9,345","8,292","16,664","113,726"
Female,144,"1,458","4,442","4,510","4,820","4,682","4,641","5,442","5,025","5,189","4,827","4,388","8,768","58,336"
Male,98,"1,362","4,536","4,650","4,677","4,568","4,456","5,093","4,674","4,934","4,518","3,904","7,896","55,366"
Indeterminate/Unknown, - ,2,8,5,3,1,1,3,1, - , - , - , - ,24
Chisholm,325,"2,926","8,999","7,383","6,814","7,775","8,165","9,633","9,302","9,158","7,751","6,574","21,502","106,307"
Female,148,"1,478","4,393","3,423","3,247","3,926","4,160","5,057","4,895","4,665","3,976","3,558","12,303","55,229"
Male,177,"1,443","4,596","3,958","3,564","3,847","4,005","4,576","4,406","4,492","3,774","3,016","9,199","51,053"
Indeterminate/Unknown, - ,5,10,2,3,2, - , - ,1,1,1, - , - ,25
Cooper,211,"1,890","8,101","11,467","12,267","11,871","10,430","10,803","9,381","8,217","6,790","5,444","14,964","111,836"
Female,120,941,"4,231","6,029","6,227","6,162","5,390","5,498","4,898","4,287","3,510","2,881","8,462","58,636"
Male,90,945,"3,849","5,395","6,014","5,695","5,031","5,298","4,480","3,928","3,279","2,562","6,501","53,067"
Indeterminate/Unknown,1,4,21,43,26,14,9,7,3,2,1,1,1,133
Corangamite,252,"2,514","7,813","7,763","8,500","9,295","9,139","9,708","8,597","9,214","9,846","9,760","20,856","113,257"
Female,137,"1,306","3,848","3,951","4,405","4,849","4,752","5,022","4,500","4,889","5,228","5,082","11,094","59,063"
Male,114,"1,204","3,962","3,805","4,094","4,445","4,387","4,686","4,097","4,325","4,617","4,678","9,761","54,175"
Indeterminate/Unknown,1,4,3,7,1,1, - , - , - , - ,1, - ,1,19
Corio,260,"2,371","9,071","9,819","9,252","8,797","8,514","9,487","8,836","9,337","8,654","7,703","18,525","110,626"
Female,140,"1,175","4,657","4,933","4,756","4,484","4,400","4,899","4,561","4,889","4,485","4,052","10,469","57,900"
Male,120,"1,194","4,410","4,881","4,494","4,311","4,113","4,588","4,273","4,447","4,168","3,650","8,056","52,705"
Indeterminate/Unknown, - ,2,4,5,2,2,1, - ,2,1,1,1, - ,21
Deakin,256,"2,548","8,236","8,119","8,641","9,529","9,354","10,031","8,918","8,761","7,879","7,064","18,747","108,083"
Female,141,"1,282","4,047","4,055","4,317","4,879","4,679","5,211","4,691","4,554","4,100","3,862","10,674","56,492"
Male,114,"1,263","4,187","4,058","4,321","4,648","4,675","4,820","4,227","4,206","3,778","3,201","8,073","51,571"
Indeterminate/Unknown,1,3,2,6,3,2, - , - , - ,1,1,1, - ,20
Dunkley,272,"2,520","8,628","9,257","9,569","9,622","9,356","10,371","9,326","9,347","8,339","7,258","17,230","111,095"
Female,156,"1,318","4,320","4,646","4,865","4,950","4,692","5,344","4,741","4,835","4,308","3,942","9,539","57,656"
Male,116,"1,200","4,303","4,606","4,702","4,671","4,664","5,026","4,585","4,511","4,031","3,315","7,690","53,420"
Indeterminate/Unknown, - ,2,5,5,2,1, - ,1, - ,1, - ,1,1,19
Flinders,188,"2,337","7,012","6,900","6,848","7,041","7,528","9,263","8,667","9,339","9,633","9,921","27,052","111,729"
Female,114,"1,168","3,411","3,417","3,504","3,729","3,880","4,828","4,628","4,879","5,138","5,272","14,656","58,624"
Male,74,"1,165","3,599","3,482","3,343","3,311","3,647","4,435","4,038","4,456","4,493","4,647","12,394","53,084"
Indeterminate/Unknown, - ,4,2,1,1,1,1, - ,1,4,2,2,2,21
Fraser,314,"2,517","8,711","9,260","9,099","8,870","8,472","9,605","9,793","9,625","9,138","7,884","16,620","109,908"
Female,177,"1,313","4,368","4,454","4,410","4,279","4,252","5,026","4,978","4,812","4,651","4,070","8,800","55,590"
Male,137,"1,202","4,338","4,802","4,684","4,590","4,220","4,579","4,813","4,813","4,487","3,814","7,820","54,299"
Indeterminate/Unknown, - ,2,5,4,5,1, - , - ,2, - , - , - , - ,19
Gellibrand,265,"2,281","7,911","9,158","11,031","12,852","12,115","11,610","9,929","8,928","7,247","5,670","13,015","112,012"
Female,132,"1,182","3,822","4,593","5,566","6,378","5,987","5,849","5,025","4,457","3,634","2,957","7,263","56,845"
Male,133,"1,095","4,078","4,557","5,453","6,469","6,128","5,758","4,904","4,471","3,613","2,713","5,752","55,124"
Indeterminate/Unknown, - ,4,11,8,12,5, - ,3, - , - , - , - , - ,43
Gippsland,203,"2,153","7,318","7,933","7,692","7,607","7,376","8,308","8,694","10,177","10,645","10,541","22,840","111,487"
Female,120,"1,098","3,618","3,966","3,957","3,932","3,676","4,305","4,554","5,242","5,492","5,264","11,799","57,023"
Male,83,"1,053","3,695","3,966","3,734","3,673","3,699","4,003","4,138","4,932","5,150","5,277","11,041","54,444"
Indeterminate/Unknown, - ,2,5,1,1,2,1, - ,2,3,3, - , - ,20
Goldstein,338,"2,904","8,099","6,908","6,485","7,644","8,667","11,166","10,528","10,084","8,797","7,797","19,760","109,177"
Female,183,"1,390","3,954","3,418","3,313","4,027","4,517","5,994","5,450","5,219","4,588","4,156","11,225","57,434"
Male,155,"1,511","4,142","3,489","3,170","3,617","4,150","5,172","5,078","4,864","4,208","3,641","8,534","51,731"
Indeterminate/Unknown, - ,3,3,1,2, - , - , - , - ,1,1, - ,1,12
Gorton,322,"2,814","9,398","9,906","12,080","13,336","12,381","11,520","9,158","7,857","7,068","6,304","10,038","112,182"
Female,178,"1,445","4,689","5,084","6,115","6,806","6,151","5,759","4,657","3,966","3,648","3,289","5,106","56,893"
Male,144,"1,367","4,707","4,822","5,961","6,530","6,228","5,761","4,499","3,891","3,420","3,015","4,932","55,277"
Indeterminate/Unknown, - ,2,2, - ,4, - ,2, - ,2, - , - , - , - ,12
Higgins,284,"2,397","8,805","11,224","11,027","9,950","8,604","9,903","9,111","8,570","7,577","6,564","17,547","111,563"
Female,153,"1,205","4,578","5,723","5,529","4,914","4,326","5,222","4,705","4,478","3,949","3,533","9,897","58,212"
Male,131,"1,190","4,220","5,498","5,497","5,034","4,276","4,679","4,405","4,090","3,628","3,031","7,650","53,329"
Indeterminate/Unknown, - ,2,7,3,1,2,2,2,1,2, - , - , - ,22
Holt,320,"3,004","10,027","10,167","11,866","13,249","11,041","10,442","9,024","8,235","6,584","5,151","9,844","108,954"
Female,183,"1,538","4,956","5,101","6,142","6,440","5,387","5,222","4,531","4,071","3,249","2,613","5,236","54,669"
Male,135,"1,463","5,069","5,065","5,722","6,808","5,651","5,219","4,492","4,164","3,335","2,538","4,608","54,269"
Indeterminate/Unknown,2,3,2,1,2,1,3,1,1, - , - , - , - ,16
Hotham,285,"2,631","8,581","7,528","7,748","8,974","8,975","9,883","9,366","8,422","7,670","6,915","21,133","108,111"
Female,156,"1,334","4,084","3,466","3,698","4,442","4,379","5,096","4,802","4,224","3,954","3,702","11,613","54,950"
Male,129,"1,293","4,492","4,057","4,050","4,531","4,596","4,787","4,563","4,198","3,716","3,213","9,520","53,145"
Indeterminate/Unknown, - ,4,5,5, - ,1, - , - ,1, - , - , - , - ,16
Indi,216,"2,266","7,055","7,405","7,610","7,682","8,004","9,257","9,277","10,736","10,874","10,203","22,677","113,262"
Female,124,"1,160","3,527","3,733","3,822","3,969","4,150","4,706","4,868","5,485","5,581","5,013","11,835","57,973"
Male,92,"1,101","3,527","3,671","3,788","3,711","3,853","4,551","4,408","5,249","5,292","5,190","10,842","55,275"
Indeterminate/Unknown, - ,5,1,1, - ,2,1, - ,1,2,1, - , - ,14
Isaacs,264,"2,466","7,787","7,722","8,499","9,984","9,915","11,062","9,737","9,040","8,064","6,928","17,790","109,258"
Female,148,"1,266","3,814","3,911","4,360","5,185","5,099","5,743","4,986","4,615","4,096","3,699","10,134","57,056"
Male,116,"1,199","3,969","3,809","4,139","4,797","4,815","5,319","4,751","4,425","3,968","3,229","7,656","52,192"
Indeterminate/Unknown, - ,1,4,2, - ,2,1, - , - , - , - , - , - ,10
Jagajaga,282,"2,524","8,417","8,239","8,686","9,331","9,474","9,962","9,027","9,177","8,357","7,343","17,436","108,255"
Female,141,"1,269","4,139","4,130","4,384","4,716","4,879","5,073","4,678","4,833","4,353","3,986","9,599","56,180"
Male,141,"1,252","4,276","4,105","4,296","4,613","4,595","4,886","4,349","4,344","4,004","3,357","7,837","52,055"
Indeterminate/Unknown, - ,3,2,4,6,2, - ,3, - , - , - , - , - ,20
Kooyong,378,"3,085","9,976","9,509","7,822","7,422","7,878","9,487","9,728","9,491","8,179","7,207","18,637","108,799"
Female,206,"1,564","5,036","4,728","3,841","3,819","4,185","5,139","5,163","4,977","4,289","3,803","10,588","57,338"
Male,172,"1,518","4,932","4,772","3,979","3,602","3,693","4,348","4,565","4,512","3,889","3,404","8,049","51,435"
Indeterminate/Unknown, - ,3,8,9,2,1, - , - , - ,2,1, - , - ,26
La Trobe,304,"3,107","10,193","10,592","11,351","11,973","10,598","11,075","9,582","8,602","7,147","5,906","12,763","113,193"
Female,153,"1,605","5,157","5,350","5,860","6,045","5,346","5,755","4,931","4,366","3,653","3,105","6,933","58,259"
Male,151,"1,500","5,030","5,238","5,489","5,927","5,252","5,320","4,649","4,235","3,493","2,801","5,829","54,914"
Indeterminate/Unknown, - ,2,6,4,2,1, - , - ,2,1,1, - ,1,20
Lalor,253,"2,545","8,906","9,338","13,258","15,788","11,855","9,713","8,387","7,827","6,448","5,101","9,378","108,797"
Female,123,"1,335","4,537","4,881","6,755","7,480","5,434","4,813","4,186","3,909","3,299","2,593","5,082","54,427"
Male,129,"1,210","4,364","4,453","6,501","8,306","6,420","4,898","4,200","3,917","3,149","2,508","4,296","54,351"
Indeterminate/Unknown,1, - ,5,4,2,2,1,2,1,1, - , - , - ,19
Macnamara,173,"1,560","7,210","11,935","13,988","12,846","10,313","10,333","8,708","8,480","7,516","6,534","14,519","114,115"
Female,92,812,"3,800","6,162","6,993","6,392","5,135","5,236","4,488","4,255","3,906","3,380","7,767","58,418"
Male,79,743,"3,400","5,760","6,984","6,445","5,178","5,096","4,218","4,225","3,609","3,153","6,752","55,642"
Indeterminate/Unknown,2,5,10,13,11,9, - ,1,2, - ,1,1, - ,55
Mallee,278,"2,254","7,646","7,946","7,416","7,129","7,328","8,789","9,239","10,632","10,820","9,908","24,438","113,823"
Female,166,"1,157","3,850","3,948","3,743","3,639","3,707","4,561","4,628","5,405","5,318","4,827","12,956","57,905"
Male,112,"1,095","3,794","3,998","3,672","3,489","3,619","4,228","4,611","5,226","5,502","5,081","11,480","55,907"
Indeterminate/Unknown, - ,2,2, - ,1,1,2, - , - ,1, - , - ,2,11
Maribyrnong,279,"2,394","8,801","10,476","10,983","10,726","10,288","10,530","9,704","8,737","7,771","6,417","16,206","113,312"
Female,152,"1,199","4,474","5,262","5,437","5,438","5,171","5,382","4,969","4,478","4,067","3,403","9,074","58,506"
Male,127,"1,193","4,315","5,191","5,534","5,284","5,116","5,145","4,733","4,257","3,704","3,014","7,132","54,745"
Indeterminate/Unknown, - ,2,12,23,12,4,1,3,2,2, - , - , - ,61
McEwen,295,"2,761","8,755","9,136","10,274","10,785","10,001","10,776","9,420","9,091","8,124","6,956","12,927","109,301"
Female,144,"1,384","4,381","4,694","5,311","5,476","5,097","5,593","4,827","4,635","4,260","3,633","6,661","56,096"
Male,150,"1,376","4,366","4,438","4,958","5,309","4,903","5,183","4,592","4,456","3,864","3,323","6,266","53,184"
Indeterminate/Unknown,1,1,8,4,5, - ,1, - ,1, - , - , - , - ,21
Melbourne,109,"1,681","8,812","16,452","16,999","13,006","9,167","7,911","6,896","6,397","5,767","4,891","9,976","108,064"
Female,70,908,"4,797","8,437","8,190","6,177","4,295","3,884","3,466","3,146","2,947","2,598","5,412","54,327"
Male,39,769,"3,995","7,987","8,790","6,821","4,870","4,026","3,428","3,249","2,818","2,293","4,563","53,648"
Indeterminate/Unknown, - ,4,20,28,19,8,2,1,2,2,2, - ,1,89
Menzies,321,"2,851","8,692","7,007","6,346","7,308","8,135","9,752","9,983","9,821","8,871","7,714","21,505","108,306"
Female,179,"1,378","4,179","3,308","3,139","3,736","4,184","5,173","5,184","5,103","4,588","4,133","11,661","55,945"
Male,142,"1,467","4,508","3,695","3,206","3,572","3,951","4,579","4,799","4,718","4,283","3,581","9,844","52,345"
Indeterminate/Unknown, - ,6,5,4,1, - , - , - , - , - , - , - , - ,16
Monash,226,"2,270","7,302","7,572","7,924","7,622","7,600","8,904","9,041","10,312","10,591","10,755","23,515","113,634"
Female,137,"1,194","3,669","3,878","4,047","3,957","3,953","4,587","4,618","5,315","5,484","5,492","12,380","58,711"
Male,89,"1,074","3,631","3,691","3,876","3,664","3,647","4,315","4,423","4,997","5,107","5,262","11,131","54,907"
Indeterminate/Unknown, - ,2,2,3,1,1, - ,2, - , - , - ,1,4,16
Nicholls,258,"2,505","8,089","8,040","7,452","7,585","7,533","9,037","9,333","10,184","9,933","9,515","22,341","111,805"
Female,138,"1,287","4,008","3,970","3,798","3,878","3,897","4,539","4,731","5,192","5,020","4,746","11,687","56,891"
Male,120,"1,218","4,080","4,069","3,654","3,707","3,634","4,498","4,602","4,992","4,911","4,769","10,654","54,908"
Indeterminate/Unknown, - , - ,1,1, - , - ,2, - , - , - ,2, - , - ,6
Scullin,305,"2,504","8,726","9,115","10,346","10,873","9,639","9,599","9,018","8,563","7,480","6,218","13,681","106,067"
Female,153,"1,272","4,409","4,535","5,160","5,343","4,749","4,888","4,638","4,405","3,953","3,264","7,245","54,014"
Male,152,"1,230","4,314","4,578","5,184","5,528","4,889","4,711","4,380","4,157","3,527","2,954","6,436","52,040"
Indeterminate/Unknown, - ,2,3,2,2,2,1, - , - ,1, - , - , - ,13
Wannon,277,"2,664","8,104","7,807","7,210","7,352","8,003","9,263","9,748","10,783","10,887","10,259","22,720","115,077"
Female,149,"1,363","3,904","3,824","3,599","3,754","3,988","4,780","4,993","5,520","5,528","5,085","12,119","58,606"
Male,128,"1,294","4,198","3,983","3,610","3,598","4,014","4,483","4,754","5,262","5,358","5,174","10,600","56,456"
Indeterminate/Unknown, - ,7,2, - ,1, - ,1, - ,1,1,1, - ,1,15
Wills,222,"1,808","8,919","12,967","13,931","12,407","10,242","9,485","8,156","7,500","6,243","4,858","14,499","111,237"
Female,127,910,"4,758","6,719","6,947","6,157","5,084","4,797","4,144","3,861","3,267","2,551","8,299","57,621"
Male,94,895,"4,125","6,202","6,956","6,231","5,153","4,685","4,010","3,638","2,976","2,307","6,200","53,472"
Indeterminate/Unknown,1,3,36,46,28,19,5,3,2,1, - , - , - ,144
QLD,"1,388","71,631","263,712","271,846","268,967","277,604","271,512","297,704","272,655","280,508","256,095","233,248","513,889","3,280,759"
Blair,61,"2,608","9,973","11,123","10,929","10,570","9,571","9,971","9,411","9,506","8,456","7,344","15,127","114,650"
Female,35,"1,349","5,078","5,812","5,579","5,338","4,759","5,110","4,772","4,844","4,296","3,712","8,075","58,759"
Male,26,"1,252","4,890","5,309","5,347","5,229","4,811","4,859","4,638","4,662","4,159","3,631","7,051","55,864"
Indeterminate/Unknown, - ,7,5,2,3,3,1,2,1, - ,1,1,1,27
Bonner,57,"2,653","8,478","7,656","8,298","9,523","9,724","10,363","9,203","8,872","7,617","6,633","16,084","105,161"
Female,33,"1,374","4,250","3,763","4,178","4,930","5,002","5,354","4,798","4,522","4,002","3,462","9,001","54,669"
Male,24,"1,274","4,221","3,888","4,118","4,593","4,721","5,008","4,405","4,349","3,615","3,171","7,083","50,470"
Indeterminate/Unknown, - ,5,7,5,2, - ,1,1, - ,1, - , - , - ,22
Bowman,50,"2,545","8,094","7,482","7,460","8,329","8,444","9,835","9,147","10,173","9,599","9,086","19,501","109,745"
Female,23,"1,279","4,010","3,711","3,828","4,306","4,334","5,194","4,824","5,306","4,979","4,775","10,499","57,068"
Male,26,"1,264","4,081","3,767","3,632","4,021","4,110","4,641","4,323","4,866","4,620","4,311","9,002","52,664"
Indeterminate/Unknown,1,2,3,4, - ,2, - , - , - ,1, - , - , - ,13
Brisbane,55,"2,598","12,205","14,793","13,320","11,631","9,971","10,700","9,289","8,211","6,775","5,469","10,905","115,922"
Female,35,"1,416","6,597","7,312","6,269","5,586","4,806","5,391","4,621","4,071","3,417","2,751","5,909","58,181"
Male,20,"1,175","5,597","7,472","7,049","6,044","5,165","5,306","4,667","4,139","3,358","2,717","4,996","57,705"
Indeterminate/Unknown, - ,7,11,9,2,1, - ,3,1,1, - ,1, - ,36
Capricornia,33,"2,050","7,913","8,836","8,951","8,904","8,293","9,215","8,777","9,526","8,623","7,057","15,064","103,242"
Female,16,"1,034","3,992","4,456","4,541","4,393","4,090","4,679","4,292","4,772","4,151","3,410","7,936","51,762"
Male,17,"1,014","3,920","4,379","4,410","4,510","4,203","4,534","4,485","4,754","4,472","3,647","7,128","51,473"
Indeterminate/Unknown, - ,2,1,1, - ,1, - ,2, - , - , - , - , - ,7
Dawson,26,"1,914","7,788","8,806","8,505","8,595","8,679","9,689","9,232","10,083","8,903","7,480","15,215","104,915"
Female,10,"1,007","3,817","4,242","4,255","4,267","4,255","4,891","4,565","4,962","4,396","3,576","7,937","52,180"
Male,16,906,"3,970","4,562","4,250","4,327","4,423","4,797","4,664","5,120","4,505","3,904","7,278","52,722"
Indeterminate/Unknown, - ,1,1,2, - ,1,1,1,3,1,2, - , - ,13
Dickson,57,"2,870","9,098","8,566","8,538","9,558","10,023","11,328","9,857","9,545","8,025","7,113","13,750","108,328"
Female,36,"1,432","4,476","4,303","4,281","4,983","5,173","5,877","5,018","4,838","4,123","3,747","7,268","55,555"
Male,21,"1,432","4,614","4,259","4,257","4,572","4,850","5,450","4,837","4,707","3,902","3,364","6,481","52,746"
Indeterminate/Unknown, - ,6,8,4, - ,3, - ,1,2, - , - ,2,1,27
Fadden,33,"2,609","9,759","9,388","8,991","9,234","9,210","10,285","9,459","9,346","8,621","8,377","19,405","114,717"
Female,20,"1,371","5,000","4,761","4,609","4,709","4,726","5,280","4,940","4,871","4,647","4,465","10,346","59,745"
Male,13,"1,233","4,754","4,622","4,381","4,524","4,484","5,004","4,519","4,475","3,974","3,911","9,057","54,951"
Indeterminate/Unknown, - ,5,5,5,1,1, - ,1, - , - , - ,1,2,21
Fairfax,27,"2,187","7,896","7,772","7,935","8,584","9,026","10,554","9,689","10,455","9,886","9,487","21,436","114,934"
Female,12,"1,150","4,094","3,917","3,989","4,445","4,691","5,525","5,173","5,605","5,233","4,996","11,429","60,259"
Male,15,"1,036","3,797","3,853","3,944","4,138","4,335","5,028","4,515","4,849","4,653","4,491","10,007","54,661"
Indeterminate/Unknown, - ,1,5,2,2,1, - ,1,1,1, - , - , - ,14
Fisher,26,"2,441","7,867","7,406","7,431","8,267","8,448","10,098","9,223","9,845","9,633","9,328","23,490","113,503"
Female,14,"1,280","4,046","3,726","3,844","4,346","4,343","5,184","4,886","5,276","5,170","4,990","12,528","59,633"
Male,12,"1,160","3,816","3,679","3,587","3,920","4,104","4,912","4,337","4,569","4,463","4,337","10,959","53,855"
Indeterminate/Unknown, - ,1,5,1, - ,1,1,2, - , - , - ,1,3,15
Flynn,40,"1,958","7,282","8,431","8,634","8,950","8,521","9,674","9,240","10,260","8,865","7,431","14,097","103,383"
Female,25,967,"3,764","4,173","4,346","4,472","4,242","4,816","4,479","4,996","4,175","3,451","6,799","50,705"
Male,15,990,"3,516","4,256","4,288","4,478","4,279","4,858","4,759","5,264","4,689","3,980","7,298","52,670"
Indeterminate/Unknown, - ,1,2,2, - , - , - , - ,2, - ,1, - , - ,8
Forde,29,"2,612","9,857","9,977","10,104","10,042","9,620","9,904","8,597","8,400","7,697","7,133","14,761","108,733"
Female,10,"1,390","5,030","5,060","5,107","5,140","4,900","5,071","4,407","4,359","4,066","3,739","7,927","56,206"
Male,19,"1,216","4,820","4,917","4,996","4,900","4,719","4,833","4,189","4,040","3,631","3,394","6,833","52,507"
Indeterminate/Unknown, - ,6,7, - ,1,2,1, - ,1,1, - , - ,1,20
Griffith,68,"2,739","11,361","13,277","12,768","11,816","10,355","10,626","9,091","8,220","6,564","5,129","11,007","113,021"
Female,41,"1,423","5,871","6,591","6,294","5,839","5,227","5,355","4,626","4,170","3,382","2,665","6,169","57,653"
Male,27,"1,309","5,474","6,674","6,470","5,973","5,126","5,271","4,463","4,047","3,182","2,464","4,838","55,318"
Indeterminate/Unknown, - ,7,16,12,4,4,2, - ,2,3, - , - , - ,50
Groom,57,"2,548","8,646","9,118","8,594","8,250","8,008","8,963","8,409","8,913","8,379","7,622","18,861","106,368"
Female,34,"1,294","4,357","4,561","4,412","4,226","4,186","4,649","4,475","4,598","4,434","4,013","10,482","55,721"
Male,23,"1,253","4,285","4,556","4,180","4,023","3,821","4,314","3,932","4,315","3,945","3,609","8,379","50,635"
Indeterminate/Unknown, - ,1,4,1,2,1,1, - ,2, - , - , - , - ,12
Herbert,27,"2,489","10,811","11,475","10,061","9,912","9,140","9,798","8,848","9,110","7,806","6,680","13,177","109,334"
Female,18,"1,347","5,384","5,610","5,068","5,066","4,587","4,999","4,561","4,598","4,012","3,287","7,112","55,649"
Male,9,"1,140","5,421","5,861","4,991","4,843","4,552","4,797","4,284","4,511","3,794","3,393","6,064","53,660"
Indeterminate/Unknown, - ,2,6,4,2,3,1,2,3,1, - , - ,1,25
Hinkler,40,"1,716","6,167","6,205","6,044","6,557","7,045","8,155","8,186","9,654","10,221","11,052","27,541","108,583"
Female,29,889,"3,083","3,166","3,146","3,425","3,673","4,246","4,374","5,153","5,449","5,755","14,266","56,654"
Male,11,825,"3,083","3,038","2,896","3,131","3,372","3,909","3,811","4,500","4,772","5,295","13,275","51,918"
Indeterminate/Unknown, - ,2,1,1,2,1, - , - ,1,1, - ,2, - ,11
Kennedy,40,"1,639","6,964","8,475","7,964","8,083","8,295","9,617","9,555","10,290","9,837","8,891","18,901","108,551"
Female,23,844,"3,488","4,266","4,057","4,176","4,176","4,919","4,807","5,080","4,836","4,254","9,349","54,275"
Male,17,795,"3,468","4,204","3,905","3,905","4,118","4,698","4,743","5,208","5,000","4,635","9,549","54,245"
Indeterminate/Unknown, - , - ,8,5,2,2,1, - ,5,2,1,2,3,31
Leichhardt,37,"1,966","7,594","9,026","9,340","9,571","10,075","11,033","10,255","10,308","9,301","7,810","13,904","110,220"
Female,25,986,"3,880","4,491","4,730","4,893","5,140","5,525","5,094","5,217","4,541","3,773","6,984","55,279"
Male,12,979,"3,711","4,533","4,608","4,677","4,935","5,507","5,161","5,091","4,760","4,036","6,920","54,930"
Indeterminate/Unknown, - ,1,3,2,2,1, - ,1, - , - , - ,1, - ,11
Lilley,55,"2,312","8,839","9,964","10,597","10,294","9,477","10,120","8,442","8,361","7,262","6,276","16,717","108,716"
Female,28,"1,164","4,566","4,959","5,287","5,080","4,772","5,221","4,303","4,308","3,742","3,301","9,729","56,460"
Male,27,"1,143","4,265","5,000","5,308","5,213","4,704","4,897","4,139","4,052","3,520","2,975","6,988","52,231"
Indeterminate/Unknown, - ,5,8,5,2,1,1,2, - ,1, - , - , - ,25
Longman,36,"2,496","9,190","9,174","8,826","8,896","9,009","9,881","9,325","9,746","9,307","9,477","20,652","116,015"
Female,18,"1,294","4,783","4,759","4,608","4,605","4,636","5,089","4,902","5,042","4,926","4,961","10,693","60,316"
Male,18,"1,196","4,405","4,414","4,216","4,291","4,372","4,791","4,423","4,703","4,381","4,516","9,959","55,685"
Indeterminate/Unknown, - ,6,2,1,2, - ,1,1, - ,1, - , - , - ,14
Maranoa,97,"1,934","7,243","7,526","7,178","7,289","7,559","8,780","8,902","9,834","9,681","9,156","20,151","105,330"
Female,53,961,"3,587","3,738","3,714","3,805","3,872","4,471","4,445","4,938","4,771","4,422","10,191","52,968"
Male,44,970,"3,653","3,786","3,464","3,484","3,686","4,307","4,457","4,895","4,910","4,731","9,960","52,347"
Indeterminate/Unknown, - ,3,3,2, - , - ,1,2, - ,1, - ,3, - ,15
McPherson,31,"2,375","8,325","8,693","8,375","9,195","9,407","10,151","8,652","8,932","8,402","7,964","18,924","109,426"
Female,17,"1,240","4,346","4,468","4,351","4,785","4,895","5,241","4,533","4,772","4,567","4,233","10,328","57,776"
Male,14,"1,134","3,978","4,221","4,022","4,408","4,512","4,910","4,118","4,160","3,834","3,731","8,595","51,637"
Indeterminate/Unknown, - ,1,1,4,2,2, - , - ,1, - ,1, - ,1,13
Moncrieff,29,"2,251","8,774","9,208","8,682","8,710","8,422","9,494","8,749","9,264","8,686","8,286","21,268","111,823"
Female,13,"1,183","4,572","4,565","4,154","4,208","4,146","4,727","4,425","4,821","4,565","4,379","11,499","57,257"
Male,16,"1,067","4,200","4,642","4,525","4,502","4,275","4,765","4,324","4,442","4,118","3,905","9,768","54,549"
Indeterminate/Unknown, - ,1,2,1,3, - ,1,2, - ,1,3,2,1,17
Moreton,68,"2,727","9,993","9,176","9,558","10,078","9,109","9,160","8,064","7,940","7,056","6,285","14,393","103,607"
Female,40,"1,415","4,904","4,397","4,690","4,948","4,527","4,677","4,084","3,973","3,691","3,297","7,944","52,587"
Male,28,"1,308","5,079","4,769","4,864","5,127","4,582","4,481","3,978","3,966","3,365","2,988","6,449","50,984"
Indeterminate/Unknown, - ,4,10,10,4,3, - ,2,2,1, - , - , - ,36
Oxley,58,"2,652","9,481","9,564","10,234","10,662","9,643","10,170","8,949","8,597","7,296","6,020","12,007","105,333"
Female,34,"1,320","4,731","4,814","5,232","5,382","4,938","5,181","4,635","4,318","3,670","3,146","6,543","53,944"
Male,24,"1,331","4,748","4,747","5,000","5,279","4,705","4,987","4,313","4,278","3,626","2,874","5,464","51,376"
Indeterminate/Unknown, - ,1,2,3,2,1, - ,2,1,1, - , - , - ,13
Petrie,31,"2,459","8,905","9,219","9,681","10,383","10,020","10,177","9,231","9,122","8,361","8,022","20,465","116,076"
Female,18,"1,288","4,541","4,697","4,968","5,333","5,098","5,258","4,760","4,786","4,522","4,312","11,549","61,130"
Male,12,"1,166","4,359","4,517","4,708","5,049","4,922","4,919","4,470","4,335","3,838","3,709","8,915","54,919"
Indeterminate/Unknown,1,5,5,5,5,1, - , - ,1,1,1,1,1,27
Rankin,60,"2,529","9,433","9,140","9,925","10,744","9,458","9,302","8,267","8,490","7,651","6,652","12,151","103,802"
Female,44,"1,287","4,665","4,608","5,063","5,401","4,718","4,778","4,184","4,435","4,012","3,439","6,355","52,989"
Male,16,"1,238","4,766","4,531","4,860","5,342","4,739","4,524","4,083","4,055","3,639","3,213","5,796","50,802"
Indeterminate/Unknown, - ,4,2,1,2,1,1, - , - , - , - , - , - ,11
Ryan,80,"3,459","11,454","8,817","7,908","8,968","9,710","10,387","8,893","8,201","7,026","6,452","15,043","106,398"
Female,43,"1,750","5,554","4,117","3,974","4,586","5,038","5,345","4,486","4,257","3,688","3,416","8,245","54,499"
Male,37,"1,700","5,893","4,695","3,930","4,378","4,672","5,042","4,406","3,943","3,338","3,036","6,798","51,868"
Indeterminate/Unknown, - ,9,7,5,4,4, - , - ,1,1, - , - , - ,31
Wide Bay,28,"1,690","5,734","5,498","5,643","6,494","7,419","9,055","9,169","10,756","11,213","11,267","23,944","107,910"
Female,16,847,"2,760","2,759","2,898","3,434","3,869","4,667","4,836","5,625","5,794","5,683","12,094","55,282"
Male,12,840,"2,973","2,739","2,744","3,060","3,550","4,387","4,333","5,131","5,419","5,583","11,850","52,621"
Indeterminate/Unknown, - ,3,1, - ,1, - , - ,1, - , - , - ,1, - ,7
Wright,52,"2,605","8,588","8,055","8,493","9,515","9,831","11,219","10,544","10,548","9,346","8,269","15,948","113,013"
Female,27,"1,356","4,368","4,163","4,460","4,889","5,024","5,741","5,410","5,286","4,684","4,124","7,892","57,424"
Male,25,"1,247","4,219","3,890","4,031","4,626","4,806","5,474","5,134","5,262","4,661","4,145","8,055","55,575"
Indeterminate/Unknown, - ,2,1,2,2, - ,1,4, - , - ,1, - ,1,14
WA,931,"35,796","127,218","133,264","145,323","148,828","139,539","149,703","141,669","141,370","129,642","114,977","249,015","1,657,275"
Brand,75,"2,457","9,269","10,331","10,774","10,606","9,376","10,006","9,185","8,630","7,297","6,084","13,835","107,925"
Female,40,"1,265","4,690","5,205","5,424","5,305","4,635","4,967","4,607","4,296","3,724","3,174","7,364","54,696"
Male,35,"1,190","4,574","5,125","5,350","5,299","4,741","5,039","4,578","4,333","3,573","2,910","6,470","53,217"
Indeterminate/Unknown, - ,2,5,1, - ,2, - , - , - ,1, - , - ,1,12
Burt,76,"2,584","9,401","9,436","10,516","11,375","10,022","9,407","8,640","8,334","7,382","6,489","12,834","106,496"
Female,38,"1,318","4,670","4,714","5,177","5,461","4,919","4,559","4,367","4,198","3,825","3,343","6,836","53,425"
Male,38,"1,266","4,729","4,720","5,339","5,914","5,102","4,847","4,273","4,135","3,554","3,145","5,998","53,060"
Indeterminate/Unknown, - , - ,2,2, - , - ,1,1, - ,1,3,1, - ,11
Canning,68,"2,230","7,411","7,765","8,130","8,145","7,721","8,772","8,740","9,550","8,982","8,849","21,838","108,201"
Female,35,"1,163","3,714","3,923","4,087","4,061","3,929","4,387","4,406","4,939","4,701","4,558","11,215","55,118"
Male,33,"1,065","3,695","3,839","4,043","4,082","3,792","4,384","4,333","4,609","4,280","4,291","10,623","53,069"
Indeterminate/Unknown, - ,2,2,3, - ,2, - ,1,1,2,1, - , - ,14
Cowan,45,"2,488","8,504","7,885","9,044","9,695","9,144","9,419","8,748","8,320","7,327","6,186","12,394","99,199"
Female,23,"1,235","4,113","3,851","4,541","4,747","4,554","4,769","4,385","4,163","3,827","3,165","6,656","50,029"
Male,22,"1,249","4,387","4,028","4,501","4,948","4,589","4,650","4,363","4,157","3,500","3,021","5,738","49,153"
Indeterminate/Unknown, - ,4,4,6,2, - ,1, - , - , - , - , - , - ,17
Curtin,73,"2,595","7,910","7,871","8,067","7,806","7,894","8,930","8,686","8,333","7,764","7,022","17,929","100,880"
Female,45,"1,366","3,898","3,962","4,065","3,960","4,020","4,712","4,551","4,265","4,066","3,603","10,066","52,579"
Male,28,"1,226","4,007","3,904","4,001","3,844","3,874","4,217","4,135","4,068","3,698","3,419","7,863","48,284"
Indeterminate/Unknown, - ,3,5,5,1,2, - ,1, - , - , - , - , - ,17
Durack,21,"1,336","5,841","8,167","9,559","9,764","9,120","9,742","9,299","9,180","8,202","6,353","11,534","98,118"
Female,6,674,"2,959","4,145","4,904","4,950","4,500","4,673","4,503","4,329","3,865","2,943","5,632","48,083"
Male,15,661,"2,881","4,022","4,654","4,813","4,620","5,069","4,794","4,851","4,336","3,410","5,901","50,027"
Indeterminate/Unknown, - ,1,1, - ,1,1, - , - ,2, - ,1, - ,1,8
Forrest,42,"2,063","6,386","6,752","7,509","8,584","8,837","9,874","9,142","9,435","9,634","8,812","18,320","105,390"
Female,25,"1,039","3,146","3,368","3,884","4,456","4,466","5,007","4,658","4,900","5,003","4,523","9,573","54,048"
Male,17,"1,023","3,237","3,383","3,624","4,128","4,368","4,867","4,484","4,535","4,629","4,289","8,746","51,330"
Indeterminate/Unknown, - ,1,3,1,1, - ,3, - , - , - ,2, - ,1,12
Fremantle,54,"2,320","8,281","8,914","10,112","10,178","9,439","10,112","9,096","8,994","7,979","6,903","14,435","106,817"
Female,23,"1,271","4,234","4,548","5,078","5,101","4,672","5,142","4,631","4,564","4,160","3,576","7,864","54,864"
Male,31,"1,046","4,042","4,360","5,032","5,077","4,766","4,970","4,465","4,429","3,818","3,327","6,571","51,934"
Indeterminate/Unknown, - ,3,5,6,2, - ,1, - , - ,1,1, - , - ,19
Hasluck,34,"2,253","7,628","7,285","8,045","8,624","8,271","8,942","8,624","8,774","7,791","7,232","15,747","99,250"
Female,17,"1,114","3,694","3,600","3,952","4,188","4,023","4,473","4,346","4,438","3,909","3,755","8,316","49,825"
Male,16,"1,136","3,927","3,683","4,093","4,436","4,248","4,467","4,278","4,334","3,882","3,477","7,431","49,408"
Indeterminate/Unknown,1,3,7,2, - , - , - ,2, - ,2, - , - , - ,17
Moore,68,"2,565","8,534","6,937","6,990","7,882","8,220","9,722","9,373","10,099","9,338","8,155","13,741","101,624"
Female,35,"1,311","4,111","3,255","3,414","3,943","4,227","4,941","4,895","5,215","4,795","4,160","7,259","51,561"
Male,33,"1,250","4,421","3,682","3,575","3,939","3,992","4,781","4,478","4,884","4,543","3,995","6,482","50,055"
Indeterminate/Unknown, - ,4,2, - ,1, - ,1, - , - , - , - , - , - ,8
O'Connor,43,"1,791","6,285","6,978","7,203","7,553","7,640","8,847","9,206","9,934","9,566","8,543","18,197","101,786"
Female,24,898,"3,044","3,384","3,633","3,844","3,890","4,484","4,538","4,911","4,743","4,161","9,161","50,715"
Male,19,892,"3,241","3,592","3,569","3,708","3,750","4,363","4,667","5,023","4,822","4,381","9,036","51,063"
Indeterminate/Unknown, - ,1, - ,2,1,1, - , - ,1, - ,1,1, - ,8
Pearce,71,"2,957","10,270","11,358","12,248","12,024","10,838","11,883","10,970","9,859","7,969","7,071","13,962","121,480"
Female,40,"1,454","5,197","5,807","6,195","6,034","5,524","6,042","5,589","4,963","4,138","3,618","7,099","61,700"
Male,31,"1,502","5,070","5,547","6,053","5,989","5,313","5,841","5,380","4,896","3,831","3,452","6,863","59,768"
Indeterminate/Unknown, - ,1,3,4, - ,1,1, - ,1, - , - ,1, - ,12
Perth,50,"1,762","7,321","9,397","11,096","10,434","8,804","8,832","8,221","8,040","7,504","6,540","14,419","102,420"
Female,28,918,"3,743","4,716","5,352","4,904","4,240","4,348","4,037","4,019","3,744","3,325","7,802","51,176"
Male,22,842,"3,568","4,672","5,742","5,524","4,564","4,483","4,183","4,021","3,760","3,215","6,617","51,213"
Indeterminate/Unknown, - ,2,10,9,2,6, - ,1,1, - , - , - , - ,31
Stirling,56,"1,940","7,129","8,298","9,794","9,807","8,675","8,750","7,946","7,757","7,412","6,706","17,455","101,725"
Female,27,"1,014","3,658","4,140","4,874","4,775","4,357","4,327","3,963","3,998","3,871","3,599","9,799","52,402"
Male,29,924,"3,468","4,150","4,916","5,031","4,317","4,423","3,983","3,758","3,541","3,107","7,656","49,303"
Indeterminate/Unknown, - ,2,3,8,4,1,1, - , - ,1, - , - , - ,20
Swan,58,"2,007","9,287","9,662","10,401","9,661","8,123","8,203","7,725","7,863","7,286","6,396","14,797","101,469"
Female,30,"1,013","4,657","4,577","4,850","4,534","3,825","3,985","3,738","3,928","3,738","3,316","8,374","50,565"
Male,28,991,"4,620","5,076","5,548","5,127","4,297","4,218","3,986","3,934","3,547","3,079","6,423","50,874"
Indeterminate/Unknown, - ,3,10,9,3, - ,1, - ,1,1,1,1, - ,30
Tangney,97,"2,448","7,761","6,228","5,835","6,690","7,415","8,262","8,068","8,268","8,209","7,636","17,578","94,495"
Female,63,"1,203","3,741","2,943","2,902","3,397","3,815","4,251","4,187","4,371","4,254","4,028","9,610","48,765"
Male,34,"1,244","4,019","3,285","2,931","3,293","3,600","4,011","3,881","3,897","3,955","3,608","7,968","45,726"
Indeterminate/Unknown, - ,1,1, - ,2, - , - , - , - , - , - , - , - ,4
SA,574,"23,211","89,309","91,187","93,915","95,816","91,958","102,854","101,766","107,703","101,428","93,823","222,509","1,216,053"
Adelaide,66,"2,222","9,848","11,042","11,572","11,119","10,084","10,391","9,931","9,870","9,167","7,909","18,829","122,050"
Female,43,"1,147","5,015","5,392","5,570","5,440","4,869","5,198","4,909","5,003","4,711","4,134","10,651","62,082"
Male,23,"1,073","4,823","5,643","5,999","5,678","5,213","5,192","5,022","4,867","4,456","3,775","8,175","59,939"
Indeterminate/Unknown, - ,2,10,7,3,1,2,1, - , - , - , - ,3,29
Barker,37,"2,034","7,215","7,620","7,584","8,066","8,271","9,948","10,339","11,595","11,352","10,781","24,268","119,110"
Female,26,"1,025","3,591","3,788","3,823","4,121","4,251","4,984","5,201","5,809","5,668","5,279","12,737","60,303"
Male,11,"1,006","3,624","3,829","3,759","3,945","4,020","4,964","5,137","5,786","5,682","5,502","11,530","58,795"
Indeterminate/Unknown, - ,3, - ,3,2, - , - , - ,1, - ,2, - ,1,12
Boothby,46,"2,521","9,520","8,872","8,985","9,457","9,426","10,293","9,656","10,470","10,143","9,537","25,207","124,133"
Female,22,"1,313","4,805","4,361","4,516","4,845","4,728","5,233","5,049","5,442","5,406","5,142","14,425","65,287"
Male,24,"1,206","4,707","4,510","4,468","4,610","4,696","5,060","4,606","5,028","4,737","4,395","10,780","58,827"
Indeterminate/Unknown, - ,2,8,1,1,2,2, - ,1, - , - , - ,2,19
Grey,63,"1,797","7,054","8,019","8,355","8,144","8,092","9,768","10,582","12,030","11,628","10,921","24,330","120,783"
Female,37,892,"3,474","3,997","4,226","4,139","4,043","5,003","5,125","5,910","5,685","5,306","12,536","60,373"
Male,26,905,"3,578","4,019","4,129","4,005","4,048","4,765","5,457","6,117","5,943","5,614","11,792","60,398"
Indeterminate/Unknown, - , - ,2,3, - , - ,1, - , - ,3, - ,1,2,12
Hindmarsh,62,"2,267","9,025","9,355","9,686","9,435","9,075","10,339","10,746","11,197","10,114","8,803","22,871","122,975"
Female,38,"1,148","4,517","4,551","4,814","4,784","4,584","5,215","5,496","5,679","5,276","4,666","12,831","63,599"
Male,24,"1,114","4,499","4,795","4,872","4,650","4,491","5,124","5,249","5,518","4,836","4,137","10,040","59,349"
Indeterminate/Unknown, - ,5,9,9, - ,1, - , - ,1, - ,2, - , - ,27
Kingston,60,"2,486","9,245","9,716","10,081","10,185","9,439","10,006","9,600","10,057","9,838","9,479","18,923","119,115"
Female,38,"1,284","4,637","4,829","5,086","5,104","4,780","5,035","4,906","5,289","5,251","5,020","10,186","61,445"
Male,22,"1,197","4,602","4,886","4,994","5,078","4,659","4,971","4,694","4,768","4,585","4,459","8,737","57,652"
Indeterminate/Unknown, - ,5,6,1,1,3, - , - , - , - ,2, - , - ,18
Makin,58,"2,430","9,373","9,258","9,833","10,729","9,886","10,397","10,032","10,049","9,055","8,632","20,269","120,001"
Female,30,"1,236","4,576","4,512","4,960","5,278","4,900","5,201","5,096","5,240","4,724","4,604","11,000","61,357"
Male,28,"1,192","4,795","4,746","4,872","5,451","4,985","5,194","4,936","4,809","4,329","4,026","9,269","58,632"
Indeterminate/Unknown, - ,2,2, - ,1, - ,1,2, - , - ,2,2, - ,12
Mayo,41,"2,454","7,666","6,903","7,287","8,348","8,984","10,853","10,384","11,636","11,508","11,797","25,633","123,494"
Female,27,"1,249","3,759","3,488","3,809","4,333","4,769","5,583","5,362","5,975","5,997","6,145","13,251","63,747"
Male,14,"1,202","3,899","3,414","3,478","4,014","4,215","5,269","5,021","5,660","5,510","5,652","12,382","59,730"
Indeterminate/Unknown, - ,3,8,1, - ,1, - ,1,1,1,1, - , - ,17
Spence,44,"2,346","11,115","11,751","11,906","10,947","9,214","9,979","9,942","10,315","8,935","7,213","16,398","120,105"
Female,20,"1,169","5,618","5,869","5,967","5,431","4,428","4,993","4,968","5,249","4,527","3,704","9,096","61,039"
Male,24,"1,174","5,495","5,882","5,935","5,514","4,786","4,985","4,971","5,065","4,408","3,509","7,302","59,050"
Indeterminate/Unknown, - ,3,2, - ,4,2, - ,1,3,1, - , - , - ,16
Sturt,97,"2,654","9,248","8,651","8,626","9,386","9,487","10,880","10,554","10,484","9,688","8,751","25,781","124,287"
Female,29,"1,362","4,549","4,209","4,252","4,795","4,800","5,615","5,440","5,440","5,173","4,750","14,715","65,129"
Male,68,"1,289","4,690","4,438","4,374","4,590","4,687","5,265","5,113","5,043","4,515","4,001","11,066","59,139"
Indeterminate/Unknown, - ,3,9,4, - ,1, - , - ,1,1, - , - , - ,19
TAS,224,"8,039","27,243","27,050","27,283","27,885","27,768","32,513","32,180","36,338","35,311","32,822","72,594","387,250"
Bass,37,"1,646","5,855","5,695","5,329","5,435","5,420","6,460","6,346","6,917","6,933","6,324","14,582","76,979"
Female,22,839,"2,867","2,783","2,691","2,837","2,825","3,380","3,254","3,603","3,583","3,300","7,899","39,883"
Male,15,804,"2,985","2,912","2,638","2,596","2,594","3,080","3,091","3,314","3,350","3,024","6,683","37,086"
Indeterminate/Unknown, - ,3,3, - , - ,2,1, - ,1, - , - , - , - ,10
Braddon,46,"1,664","5,411","5,377","5,215","5,297","5,444","6,480","6,746","7,648","7,277","6,914","16,038","79,557"
Female,26,874,"2,692","2,701","2,720","2,701","2,783","3,386","3,498","3,941","3,735","3,533","8,602","41,192"
Male,20,786,"2,718","2,675","2,495","2,596","2,661","3,094","3,247","3,705","3,542","3,381","7,435","38,355"
Indeterminate/Unknown, - ,4,1,1, - , - , - , - ,1,2, - , - ,1,10
Clark,60,"1,588","5,717","5,717","5,731","5,698","5,549","6,313","5,956","6,477","6,224","5,653","12,839","73,522"
Female,38,814,"2,875","2,846","2,826","2,935","2,836","3,281","3,053","3,370","3,271","2,954","7,237","38,336"
Male,20,770,"2,836","2,865","2,900","2,762","2,712","3,031","2,903","3,107","2,953","2,698","5,602","35,159"
Indeterminate/Unknown,2,4,6,6,5,1,1,1, - , - , - ,1, - ,27
Franklin,42,"1,564","4,990","4,935","5,629","5,949","5,876","6,600","6,155","7,089","6,924","6,518","14,519","76,790"
Female,28,775,"2,477","2,442","2,946","3,118","3,071","3,439","3,271","3,791","3,552","3,439","7,891","40,240"
Male,13,786,"2,507","2,489","2,683","2,830","2,805","3,161","2,883","3,295","3,372","3,079","6,627","36,530"
Indeterminate/Unknown,1,3,6,4, - ,1, - , - ,1,3, - , - ,1,20
Lyons,39,"1,577","5,270","5,326","5,379","5,506","5,479","6,660","6,977","8,207","7,953","7,413","14,616","80,402"
Female,26,827,"2,649","2,750","2,774","2,865","2,795","3,428","3,602","4,139","3,954","3,652","7,381","40,842"
Male,13,747,"2,618","2,575","2,604","2,641","2,682","3,232","3,374","4,068","3,998","3,761","7,235","39,548"
Indeterminate/Unknown, - ,3,3,1,1, - ,2, - ,1, - ,1, - , - ,12
ACT,167,"7,179","25,713","27,718","29,321","30,850","27,458","27,686","23,881","22,824","19,674","17,584","37,818","297,873"
Bean,47,"2,450","8,420","8,811","9,300","9,606","8,903","9,647","8,974","9,194","8,044","7,052","14,718","105,166"
Female,28,"1,240","4,223","4,348","4,750","4,897","4,442","4,989","4,741","4,831","4,224","3,665","8,054","54,432"
Male,19,"1,205","4,187","4,460","4,547","4,707","4,461","4,657","4,232","4,363","3,819","3,387","6,664","50,708"
Indeterminate/Unknown, - ,5,10,3,3,2, - ,1,1, - ,1, - , - ,26
Canberra,75,"2,465","9,397","9,861","9,158","8,808","7,836","8,150","7,401","7,129","6,237","5,667","13,728","95,912"
Female,42,"1,182","4,625","4,887","4,521","4,400","3,934","4,075","3,753","3,628","3,229","2,965","7,623","48,864"
Male,33,"1,276","4,755","4,959","4,633","4,406","3,902","4,075","3,646","3,500","3,008","2,702","6,103","46,998"
Indeterminate/Unknown, - ,7,17,15,4,2, - , - ,2,1, - , - ,2,50
Fenner,45,"2,264","7,896","9,046","10,863","12,436","10,719","9,889","7,506","6,501","5,393","4,865","9,372","96,795"
Female,23,"1,151","3,943","4,599","5,540","6,256","5,277","4,909","3,712","3,263","2,899","2,663","5,028","49,263"
Male,22,"1,110","3,950","4,445","5,322","6,179","5,441","4,978","3,793","3,238","2,494","2,202","4,343","47,517"
Indeterminate/Unknown, - ,3,3,2,1,1,1,2,1, - , - , - ,1,15
NT,129,"2,057","11,048","15,273","16,135","15,485","13,791","14,335","12,945","11,859","9,727","7,387","10,292","140,463"
Lingiari,95,"1,021","5,448","7,969","8,361","8,157","7,040","7,651","6,889","6,240","5,040","3,617","4,522","72,050"
Female,55,527,"2,694","4,109","4,276","4,114","3,534","3,857","3,493","3,088","2,530","1,695","2,168","36,140"
Male,40,492,"2,748","3,849","4,079","4,042","3,501","3,792","3,394","3,152","2,508","1,922","2,354","35,873"
Indeterminate/Unknown, - ,2,6,11,6,1,5,2,2, - ,2, - , - ,37
Solomon,34,"1,036","5,600","7,304","7,774","7,328","6,751","6,684","6,056","5,619","4,687","3,770","5,770","68,413"
Female,21,541,"2,710","3,602","3,769","3,619","3,338","3,246","2,965","2,725","2,237","1,817","2,796","33,386"
Male,13,494,"2,888","3,702","4,003","3,708","3,413","3,437","3,091","2,894","2,449","1,953","2,974","35,019"
Indeterminate/Unknown, - ,1,2, - ,2,1, - ,1, - , - ,1, - , - ,8
Grand Total,"15,804","362,692","1,280,646","1,334,316","1,379,053","1,424,187","1,358,726","1,471,335","1,367,775","1,404,585","1,290,569","1,159,468","2,652,833","16,501,989"
